po_id,material_id,supplier_id,order_date,expected_delivery_date,actual_delivery_date,quantity_ordered,unit_cost,on_time,delay_days
PO-000001,MAT-EXC-02,SUP-05,2023-01-15,2023-01-25,2023-01-25,113927.8,0.0197,True,0
PO-000002,MAT-PKG-04,SUP-06,2023-01-15,2023-01-23,2023-01-23,34558.4,0.031,True,0
PO-000003,MAT-EXC-01,SUP-05,2023-01-22,2023-02-01,2023-02-01,67826.0,0.0079,True,0
PO-000004,MAT-EXC-05,SUP-05,2023-01-22,2023-02-01,2023-02-01,102757.5,0.0151,True,0
PO-000005,MAT-PKG-01,SUP-06,2023-01-22,2023-01-30,2023-01-30,1384713.8,0.0596,True,0
PO-000006,MAT-API-003,SUP-03,2023-01-29,2023-02-28,2023-02-28,726.0,0.193,True,0
PO-000007,MAT-EXC-03,SUP-08,2023-01-29,2023-02-16,2023-02-16,292105.2,0.0131,True,0
PO-000008,MAT-EXC-04,SUP-08,2023-01-29,2023-02-16,2023-02-16,208178.9,0.0145,True,0
PO-000009,MAT-PKG-02,SUP-06,2023-01-29,2023-02-06,2023-02-06,46104.3,0.0161,True,0
PO-000010,MAT-API-007,SUP-03,2023-02-05,2023-03-07,2023-03-07,498.6,0.545,True,0
PO-000011,MAT-API-011,SUP-03,2023-02-05,2023-03-07,2023-03-07,2098.7,0.115,True,0
PO-000012,MAT-API-015,SUP-03,2023-02-05,2023-03-07,2023-03-07,1723.8,0.076,True,0
PO-000013,MAT-API-019,SUP-03,2023-02-05,2023-03-07,2023-03-07,429.9,3.947,True,0
PO-000014,MAT-API-039,SUP-03,2023-02-05,2023-03-07,2023-03-07,589.7,0.438,True,0
PO-000015,MAT-EXC-02,SUP-05,2023-02-05,2023-02-15,2023-02-15,147953.1,0.0197,True,0
PO-000016,MAT-PKG-01,SUP-06,2023-02-05,2023-02-13,2023-02-13,1019306.2,0.0596,True,0
PO-000017,MAT-PKG-03,SUP-07,2023-02-05,2023-02-19,2023-02-19,90142.5,0.0153,True,0
PO-000018,MAT-PKG-04,SUP-06,2023-02-05,2023-02-13,2023-02-13,48227.5,0.031,True,0
PO-000019,MAT-API-023,SUP-03,2023-02-12,2023-03-14,2023-03-25,685.3,2.346,False,11
PO-000020,MAT-API-026,SUP-02,2023-02-12,2023-04-01,2023-04-01,519.1,0.155,True,0
PO-000021,MAT-API-035,SUP-03,2023-02-12,2023-03-14,2023-03-23,1406.0,0.165,False,9
PO-000022,MAT-EXC-05,SUP-05,2023-02-12,2023-02-22,2023-02-22,109203.9,0.0151,True,0
PO-000023,MAT-API-002,SUP-02,2023-02-19,2023-04-08,2023-04-28,3017.9,0.134,False,20
PO-000024,MAT-API-006,SUP-02,2023-02-19,2023-04-08,2023-04-15,1434.1,0.243,False,7
PO-000025,MAT-API-016,SUP-04,2023-02-19,2023-04-20,2023-04-20,1697.6,0.22,True,0
PO-000026,MAT-API-031,SUP-03,2023-02-19,2023-03-21,2023-03-21,3823.5,0.15,True,0
PO-000027,MAT-API-032,SUP-04,2023-02-19,2023-04-20,2023-04-20,1508.4,0.111,True,0
PO-000028,MAT-API-042,SUP-02,2023-02-19,2023-04-08,2023-04-08,496.1,17.503,True,0
PO-000029,MAT-EXC-01,SUP-05,2023-02-19,2023-03-01,2023-03-01,74769.2,0.0079,True,0
PO-000030,MAT-API-014,SUP-02,2023-02-26,2023-04-15,2023-04-21,1900.7,0.09,False,6
PO-000031,MAT-API-022,SUP-02,2023-02-26,2023-04-15,2023-04-15,1261.8,0.522,True,0
PO-000032,MAT-API-033,SUP-01,2023-02-26,2023-04-22,2023-04-22,1472.2,0.087,True,0
PO-000033,MAT-API-034,SUP-02,2023-02-26,2023-04-15,2023-04-15,2024.4,0.147,True,0
PO-000034,MAT-API-037,SUP-01,2023-02-26,2023-04-22,2023-04-22,578.9,0.142,True,0
PO-000035,MAT-API-038,SUP-02,2023-02-26,2023-04-15,2023-04-15,979.6,1.129,True,0
PO-000036,MAT-API-040,SUP-04,2023-02-26,2023-04-27,2023-04-27,768.6,0.164,True,0
PO-000037,MAT-EXC-02,SUP-05,2023-02-26,2023-03-08,2023-03-08,131787.5,0.0197,True,0
PO-000038,MAT-EXC-03,SUP-08,2023-02-26,2023-03-16,2023-03-16,335368.8,0.0131,True,0
PO-000039,MAT-EXC-04,SUP-08,2023-02-26,2023-03-16,2023-03-16,217771.4,0.0145,True,0
PO-000040,MAT-EXC-05,SUP-05,2023-02-26,2023-03-08,2023-03-08,117907.4,0.0151,True,0
PO-000041,MAT-PKG-01,SUP-06,2023-02-26,2023-03-06,2023-03-06,1353466.1,0.0596,True,0
PO-000042,MAT-PKG-02,SUP-06,2023-02-26,2023-03-06,2023-03-06,47708.0,0.0161,True,0
PO-000043,MAT-PKG-04,SUP-06,2023-02-26,2023-03-06,2023-03-06,46405.0,0.031,True,0
PO-000044,MAT-API-001,SUP-01,2023-03-05,2023-04-29,2023-04-29,2725.9,0.095,True,0
PO-000045,MAT-API-009,SUP-01,2023-03-05,2023-04-29,2023-04-29,731.7,0.28,True,0
PO-000046,MAT-API-018,SUP-02,2023-03-05,2023-04-22,2023-04-22,1583.0,0.886,True,0
PO-000047,MAT-API-020,SUP-04,2023-03-05,2023-05-04,2023-05-04,6011.7,0.063,True,0
PO-000048,MAT-API-021,SUP-01,2023-03-05,2023-04-29,2023-04-29,4406.3,0.093,True,0
PO-000049,MAT-API-025,SUP-01,2023-03-05,2023-04-29,2023-04-29,2154.0,0.156,True,0
PO-000050,MAT-API-027,SUP-03,2023-03-05,2023-04-04,2023-04-13,375.5,0.084,False,9
PO-000051,MAT-API-036,SUP-04,2023-03-05,2023-05-04,2023-05-04,1079.3,0.107,True,0
PO-000052,MAT-API-005,SUP-01,2023-03-12,2023-05-06,2023-05-06,1120.2,0.203,True,0
PO-000053,MAT-API-008,SUP-04,2023-03-12,2023-05-11,2023-05-11,1088.0,2.983,True,0
PO-000054,MAT-API-010,SUP-02,2023-03-12,2023-04-29,2023-04-29,4048.4,0.196,True,0
PO-000055,MAT-API-012,SUP-04,2023-03-12,2023-05-11,2023-05-11,2016.9,0.129,True,0
PO-000056,MAT-API-013,SUP-01,2023-03-12,2023-05-06,2023-05-06,1057.2,0.187,True,0
PO-000057,MAT-API-017,SUP-01,2023-03-12,2023-05-06,2023-05-06,619.9,16.675,True,0
PO-000058,MAT-API-030,SUP-02,2023-03-12,2023-04-29,2023-05-04,5266.4,0.074,False,5
PO-000059,MAT-API-041,SUP-01,2023-03-12,2023-05-06,2023-05-06,863.1,0.248,True,0
PO-000060,MAT-EXC-01,SUP-05,2023-03-12,2023-03-22,2023-03-22,54524.1,0.0079,True,0
PO-000061,MAT-PKG-03,SUP-07,2023-03-12,2023-03-26,2023-04-01,59587.6,0.0153,False,6
PO-000062,MAT-API-004,SUP-04,2023-03-19,2023-05-18,2023-05-25,3881.3,0.058,False,7
PO-000063,MAT-API-011,SUP-03,2023-03-19,2023-04-18,2023-04-18,2161.4,0.115,True,0
PO-000064,MAT-API-024,SUP-04,2023-03-19,2023-05-18,2023-05-18,2611.2,0.147,True,0
PO-000065,MAT-API-028,SUP-04,2023-03-19,2023-05-18,2023-05-18,2631.0,0.288,True,0
PO-000066,MAT-API-029,SUP-01,2023-03-19,2023-05-13,2023-05-13,2469.1,0.057,True,0
PO-000067,MAT-API-035,SUP-03,2023-03-19,2023-04-18,2023-04-18,1347.5,0.165,True,0
PO-000068,MAT-API-039,SUP-03,2023-03-19,2023-04-18,2023-04-18,586.3,0.438,True,0
PO-000069,MAT-EXC-02,SUP-05,2023-03-19,2023-03-29,2023-03-29,119050.9,0.0197,True,0
PO-000070,MAT-EXC-05,SUP-05,2023-03-19,2023-03-29,2023-03-29,102099.2,0.0151,True,0
PO-000071,MAT-PKG-01,SUP-06,2023-03-19,2023-03-27,2023-03-27,1314423.3,0.0596,True,0
PO-000072,MAT-API-007,SUP-03,2023-03-26,2023-04-25,2023-04-25,452.5,0.545,True,0
PO-000073,MAT-API-019,SUP-03,2023-03-26,2023-04-25,2023-04-25,386.9,3.947,True,0
PO-000074,MAT-API-023,SUP-03,2023-03-26,2023-04-25,2023-04-25,671.7,2.346,True,0
PO-000075,MAT-API-031,SUP-03,2023-03-26,2023-04-25,2023-04-25,4331.0,0.15,True,0
PO-000076,MAT-EXC-03,SUP-08,2023-03-26,2023-04-13,2023-04-13,296215.9,0.0131,True,0
PO-000077,MAT-EXC-04,SUP-08,2023-03-26,2023-04-13,2023-04-13,218979.8,0.0145,True,0
PO-000078,MAT-PKG-02,SUP-06,2023-03-26,2023-04-03,2023-04-03,44711.4,0.0161,True,0
PO-000079,MAT-PKG-04,SUP-06,2023-03-26,2023-04-03,2023-04-03,29252.8,0.031,True,0
PO-000080,MAT-API-003,SUP-03,2023-04-02,2023-05-02,2023-05-02,1032.0,0.193,True,0
PO-000081,MAT-EXC-01,SUP-05,2023-04-02,2023-04-12,2023-04-12,58463.5,0.0079,True,0
PO-000082,MAT-API-026,SUP-02,2023-04-09,2023-05-27,2023-05-27,575.3,0.155,True,0
PO-000083,MAT-EXC-02,SUP-05,2023-04-09,2023-04-19,2023-04-19,132240.4,0.0197,True,0
PO-000084,MAT-EXC-05,SUP-05,2023-04-09,2023-04-19,2023-04-19,138181.8,0.0151,True,0
PO-000085,MAT-PKG-01,SUP-06,2023-04-09,2023-04-17,2023-04-17,1322785.1,0.0596,True,0
PO-000086,MAT-API-015,SUP-03,2023-04-16,2023-05-16,2023-05-16,1506.5,0.076,True,0
PO-000087,MAT-PKG-02,SUP-06,2023-04-16,2023-04-24,2023-04-24,28710.8,0.0161,True,0
PO-000088,MAT-PKG-04,SUP-06,2023-04-16,2023-04-24,2023-04-24,51293.4,0.031,True,0
PO-000089,MAT-API-014,SUP-02,2023-04-23,2023-06-10,2023-06-10,2168.2,0.09,True,0
PO-000090,MAT-API-022,SUP-02,2023-04-23,2023-06-10,2023-06-10,1356.8,0.522,True,0
PO-000091,MAT-API-034,SUP-02,2023-04-23,2023-06-10,2023-06-10,2110.4,0.147,True,0
PO-000092,MAT-EXC-03,SUP-08,2023-04-23,2023-05-11,2023-05-11,293234.2,0.0131,True,0
PO-000093,MAT-EXC-04,SUP-08,2023-04-23,2023-05-11,2023-05-11,209517.1,0.0145,True,0
PO-000094,MAT-PKG-03,SUP-07,2023-04-23,2023-05-07,2023-05-07,77611.2,0.0153,True,0
PO-000095,MAT-API-002,SUP-02,2023-04-30,2023-06-17,2023-06-17,3893.3,0.134,True,0
PO-000096,MAT-API-006,SUP-02,2023-04-30,2023-06-17,2023-06-17,1708.9,0.243,True,0
PO-000097,MAT-API-023,SUP-03,2023-04-30,2023-05-30,2023-06-18,648.8,2.346,False,19
PO-000098,MAT-API-031,SUP-03,2023-04-30,2023-05-30,2023-05-30,4133.0,0.15,True,0
PO-000099,MAT-API-033,SUP-01,2023-04-30,2023-06-24,2023-06-24,1530.0,0.087,True,0
PO-000100,MAT-API-035,SUP-03,2023-04-30,2023-05-30,2023-05-30,1402.2,0.165,True,0
PO-000101,MAT-API-042,SUP-02,2023-04-30,2023-06-17,2023-06-30,464.6,17.503,False,13
PO-000102,MAT-EXC-01,SUP-05,2023-04-30,2023-05-10,2023-05-20,80553.0,0.0079,False,10
PO-000103,MAT-EXC-02,SUP-05,2023-04-30,2023-05-10,2023-05-10,132989.9,0.0197,True,0
PO-000104,MAT-EXC-05,SUP-05,2023-04-30,2023-05-10,2023-05-10,111716.8,0.0151,True,0
PO-000105,MAT-PKG-01,SUP-06,2023-04-30,2023-05-08,2023-05-08,1356309.7,0.0596,True,0
PO-000106,MAT-API-011,SUP-03,2023-05-07,2023-06-06,2023-06-06,2049.3,0.115,True,0
PO-000107,MAT-API-027,SUP-03,2023-05-07,2023-06-06,2023-06-06,333.1,0.084,True,0
PO-000108,MAT-API-037,SUP-01,2023-05-07,2023-07-01,2023-07-05,582.9,0.142,False,4
PO-000109,MAT-PKG-02,SUP-06,2023-05-07,2023-05-15,2023-05-15,42016.3,0.0161,True,0
PO-000110,MAT-API-001,SUP-01,2023-05-14,2023-07-08,2023-07-08,2592.1,0.095,True,0
PO-000111,MAT-API-007,SUP-03,2023-05-14,2023-06-13,2023-06-13,482.7,0.545,True,0
PO-000112,MAT-API-009,SUP-01,2023-05-14,2023-07-08,2023-07-08,635.3,0.28,True,0
PO-000113,MAT-API-019,SUP-03,2023-05-14,2023-06-13,2023-06-13,444.5,3.947,True,0
PO-000114,MAT-API-038,SUP-02,2023-05-14,2023-07-01,2023-07-01,957.4,1.129,True,0
PO-000115,MAT-API-039,SUP-03,2023-05-14,2023-06-13,2023-06-13,731.8,0.438,True,0
PO-000116,MAT-PKG-03,SUP-07,2023-05-14,2023-05-28,2023-05-28,48342.2,0.0153,True,0
PO-000117,MAT-PKG-04,SUP-06,2023-05-14,2023-05-22,2023-05-22,47108.9,0.031,True,0
PO-000118,MAT-API-005,SUP-01,2023-05-21,2023-07-15,2023-07-15,1119.6,0.203,True,0
PO-000119,MAT-API-010,SUP-02,2023-05-21,2023-07-08,2023-07-27,4027.0,0.196,False,19
PO-000120,MAT-API-018,SUP-02,2023-05-21,2023-07-08,2023-07-08,1584.2,0.886,True,0
PO-000121,MAT-API-025,SUP-01,2023-05-21,2023-07-15,2023-07-29,2003.4,0.156,False,14
PO-000122,MAT-API-029,SUP-01,2023-05-21,2023-07-15,2023-07-15,2561.5,0.057,True,0
PO-000123,MAT-API-030,SUP-02,2023-05-21,2023-07-08,2023-07-08,4167.6,0.074,True,0
PO-000124,MAT-API-032,SUP-04,2023-05-21,2023-07-20,2023-07-20,1510.5,0.111,True,0
PO-000125,MAT-EXC-02,SUP-05,2023-05-21,2023-05-31,2023-05-31,116213.1,0.0197,True,0
PO-000126,MAT-EXC-03,SUP-08,2023-05-21,2023-06-08,2023-06-08,323906.7,0.0131,True,0
PO-000127,MAT-EXC-04,SUP-08,2023-05-21,2023-06-08,2023-06-08,209491.3,0.0145,True,0
PO-000128,MAT-EXC-05,SUP-05,2023-05-21,2023-05-31,2023-05-31,103626.0,0.0151,True,0
PO-000129,MAT-PKG-01,SUP-06,2023-05-21,2023-05-29,2023-05-29,1363793.9,0.0596,True,0
PO-000130,MAT-API-003,SUP-03,2023-05-28,2023-06-27,2023-06-27,1103.5,0.193,True,0
PO-000131,MAT-API-013,SUP-01,2023-05-28,2023-07-22,2023-07-22,975.1,0.187,True,0
PO-000132,MAT-API-016,SUP-04,2023-05-28,2023-07-27,2023-07-27,2218.7,0.22,True,0
PO-000133,MAT-API-020,SUP-04,2023-05-28,2023-07-27,2023-07-27,5280.9,0.063,True,0
PO-000134,MAT-API-021,SUP-01,2023-05-28,2023-07-22,2023-07-22,4372.0,0.093,True,0
PO-000135,MAT-API-004,SUP-04,2023-06-04,2023-08-03,2023-08-03,3692.2,0.058,True,0
PO-000136,MAT-API-015,SUP-03,2023-06-04,2023-07-04,2023-07-04,1487.0,0.076,True,0
PO-000137,MAT-API-017,SUP-01,2023-06-04,2023-07-29,2023-08-04,668.1,16.675,False,6
PO-000138,MAT-API-023,SUP-03,2023-06-04,2023-07-04,2023-07-04,670.2,2.346,True,0
PO-000139,MAT-API-026,SUP-02,2023-06-04,2023-07-22,2023-07-22,502.4,0.155,True,0
PO-000140,MAT-API-028,SUP-04,2023-06-04,2023-08-03,2023-08-03,2600.8,0.288,True,0
PO-000141,MAT-API-031,SUP-03,2023-06-04,2023-07-04,2023-07-04,4167.1,0.15,True,0
PO-000142,MAT-API-040,SUP-04,2023-06-04,2023-08-03,2023-08-03,978.4,0.164,True,0
PO-000143,MAT-PKG-02,SUP-06,2023-06-04,2023-06-12,2023-06-12,47708.0,0.0161,True,0
PO-000144,MAT-PKG-04,SUP-06,2023-06-04,2023-06-12,2023-06-12,34288.0,0.031,True,0
PO-000145,MAT-API-022,SUP-02,2023-06-11,2023-07-29,2023-07-29,1314.8,0.522,True,0
PO-000146,MAT-API-024,SUP-04,2023-06-11,2023-08-10,2023-08-10,2509.0,0.147,True,0
PO-000147,MAT-API-035,SUP-03,2023-06-11,2023-07-11,2023-07-11,1453.0,0.165,True,0
PO-000148,MAT-API-041,SUP-01,2023-06-11,2023-08-05,2023-08-05,921.9,0.248,True,0
PO-000149,MAT-EXC-01,SUP-05,2023-06-11,2023-06-21,2023-06-21,67554.5,0.0079,True,0
PO-000150,MAT-EXC-02,SUP-05,2023-06-11,2023-06-21,2023-06-21,136147.5,0.0197,True,0
PO-000151,MAT-EXC-05,SUP-05,2023-06-11,2023-06-21,2023-06-21,137730.8,0.0151,True,0
PO-000152,MAT-PKG-01,SUP-06,2023-06-11,2023-06-19,2023-06-19,1346919.0,0.0596,True,0
PO-000153,MAT-PKG-03,SUP-07,2023-06-11,2023-06-25,2023-07-07,48343.7,0.0153,False,12
PO-000154,MAT-API-006,SUP-02,2023-06-18,2023-08-05,2023-08-05,1511.5,0.243,True,0
PO-000155,MAT-API-008,SUP-04,2023-06-18,2023-08-17,2023-08-22,1264.8,2.983,False,5
PO-000156,MAT-API-011,SUP-03,2023-06-18,2023-07-18,2023-07-18,2208.8,0.115,True,0
PO-000157,MAT-API-012,SUP-04,2023-06-18,2023-08-17,2023-08-17,2472.5,0.129,True,0
PO-000158,MAT-API-027,SUP-03,2023-06-18,2023-07-18,2023-07-18,379.8,0.084,True,0
PO-000159,MAT-EXC-03,SUP-08,2023-06-18,2023-07-06,2023-07-06,293248.6,0.0131,True,0
PO-000160,MAT-EXC-04,SUP-08,2023-06-18,2023-07-06,2023-07-06,203004.5,0.0145,True,0
PO-000161,MAT-API-002,SUP-02,2023-06-25,2023-08-12,2023-08-12,3082.8,0.134,True,0
PO-000162,MAT-API-014,SUP-02,2023-06-25,2023-08-12,2023-08-12,2201.3,0.09,True,0
PO-000163,MAT-API-034,SUP-02,2023-06-25,2023-08-12,2023-08-12,2310.4,0.147,True,0
PO-000164,MAT-API-039,SUP-03,2023-06-25,2023-07-25,2023-07-25,566.7,0.438,True,0
PO-000165,MAT-API-042,SUP-02,2023-06-25,2023-08-12,2023-08-12,506.2,17.503,True,0
PO-000166,MAT-API-007,SUP-03,2023-07-02,2023-08-01,2023-08-01,477.0,0.545,True,0
PO-000167,MAT-API-019,SUP-03,2023-07-02,2023-08-01,2023-08-01,416.3,3.947,True,0
PO-000168,MAT-API-033,SUP-01,2023-07-02,2023-08-26,2023-08-26,1555.9,0.087,True,0
PO-000169,MAT-API-036,SUP-04,2023-07-02,2023-08-31,2023-09-04,1453.4,0.107,False,4
PO-000170,MAT-EXC-01,SUP-05,2023-07-02,2023-07-12,2023-07-12,50545.7,0.0079,True,0
PO-000171,MAT-EXC-02,SUP-05,2023-07-02,2023-07-12,2023-07-12,131716.7,0.0197,True,0
PO-000172,MAT-EXC-05,SUP-05,2023-07-02,2023-07-12,2023-07-12,115335.1,0.0151,True,0
PO-000173,MAT-PKG-01,SUP-06,2023-07-02,2023-07-10,2023-07-10,1306177.3,0.0596,True,0
PO-000174,MAT-PKG-02,SUP-06,2023-07-02,2023-07-10,2023-07-10,47708.0,0.0161,True,0
PO-000175,MAT-PKG-04,SUP-06,2023-07-02,2023-07-10,2023-07-10,44510.3,0.031,True,0
PO-000176,MAT-API-009,SUP-01,2023-07-16,2023-09-09,2023-09-09,671.4,0.28,True,0
PO-000177,MAT-API-031,SUP-03,2023-07-16,2023-08-15,2023-08-15,4088.6,0.15,True,0
PO-000178,MAT-EXC-03,SUP-08,2023-07-16,2023-08-03,2023-08-03,297679.3,0.0131,True,0
PO-000179,MAT-EXC-04,SUP-08,2023-07-16,2023-08-03,2023-08-03,202505.0,0.0145,True,0
PO-000180,MAT-PKG-03,SUP-07,2023-07-16,2023-07-30,2023-07-30,69720.4,0.0153,True,0
PO-000181,MAT-API-005,SUP-01,2023-07-23,2023-09-16,2023-09-16,1095.8,0.203,True,0
PO-000182,MAT-API-015,SUP-03,2023-07-23,2023-08-22,2023-08-22,1668.6,0.076,True,0
PO-000183,MAT-API-026,SUP-02,2023-07-23,2023-09-09,2023-09-15,521.7,0.155,False,6
PO-000184,MAT-API-030,SUP-02,2023-07-23,2023-09-09,2023-09-09,3976.9,0.074,True,0
PO-000185,MAT-EXC-01,SUP-05,2023-07-23,2023-08-02,2023-08-02,53271.1,0.0079,True,0
PO-000186,MAT-EXC-02,SUP-05,2023-07-23,2023-08-02,2023-08-02,120809.2,0.0197,True,0
PO-000187,MAT-EXC-05,SUP-05,2023-07-23,2023-08-02,2023-08-02,105297.0,0.0151,True,0
PO-000188,MAT-PKG-01,SUP-06,2023-07-23,2023-07-31,2023-07-31,1307864.1,0.0596,True,0
PO-000189,MAT-PKG-04,SUP-06,2023-07-23,2023-07-31,2023-07-31,31667.0,0.031,True,0
PO-000190,MAT-API-001,SUP-01,2023-07-30,2023-09-23,2023-09-23,2477.2,0.095,True,0
PO-000191,MAT-API-003,SUP-03,2023-07-30,2023-08-29,2023-08-29,1053.6,0.193,True,0
PO-000192,MAT-API-010,SUP-02,2023-07-30,2023-09-16,2023-09-16,4061.5,0.196,True,0
PO-000193,MAT-API-011,SUP-03,2023-07-30,2023-08-29,2023-08-29,2197.9,0.115,True,0
PO-000194,MAT-API-021,SUP-01,2023-07-30,2023-09-23,2023-09-23,4569.3,0.093,True,0
PO-000195,MAT-API-023,SUP-03,2023-07-30,2023-08-29,2023-08-29,821.9,2.346,True,0
PO-000196,MAT-API-027,SUP-03,2023-07-30,2023-08-29,2023-08-29,351.9,0.084,True,0
PO-000197,MAT-API-038,SUP-02,2023-07-30,2023-09-16,2023-09-16,967.2,1.129,True,0
PO-000198,MAT-PKG-02,SUP-06,2023-07-30,2023-08-07,2023-08-07,47708.0,0.0161,True,0
PO-000199,MAT-API-022,SUP-02,2023-08-06,2023-09-23,2023-09-23,1327.7,0.522,True,0
PO-000200,MAT-API-029,SUP-01,2023-08-06,2023-09-30,2023-09-30,2501.1,0.057,True,0
PO-000201,MAT-API-035,SUP-03,2023-08-06,2023-09-05,2023-09-05,1472.5,0.165,True,0
PO-000202,MAT-API-037,SUP-01,2023-08-06,2023-09-30,2023-09-30,708.0,0.142,True,0
PO-000203,MAT-API-039,SUP-03,2023-08-06,2023-09-05,2023-09-22,613.5,0.438,False,17
PO-000204,MAT-API-006,SUP-02,2023-08-13,2023-09-30,2023-09-30,1533.3,0.243,True,0
PO-000205,MAT-API-013,SUP-01,2023-08-13,2023-10-07,2023-10-07,1067.3,0.187,True,0
PO-000206,MAT-API-018,SUP-02,2023-08-13,2023-09-30,2023-10-07,1502.5,0.886,False,7
PO-000207,MAT-API-019,SUP-03,2023-08-13,2023-09-12,2023-09-12,374.4,3.947,True,0
PO-000208,MAT-API-025,SUP-01,2023-08-13,2023-10-07,2023-10-20,2292.2,0.156,False,13
PO-000209,MAT-API-040,SUP-04,2023-08-13,2023-10-12,2023-10-12,770.3,0.164,True,0
PO-000210,MAT-EXC-01,SUP-05,2023-08-13,2023-08-23,2023-08-23,61191.8,0.0079,True,0
PO-000211,MAT-EXC-03,SUP-08,2023-08-13,2023-08-31,2023-08-31,285666.1,0.0131,True,0
PO-000212,MAT-EXC-04,SUP-08,2023-08-13,2023-08-31,2023-08-31,195016.6,0.0145,True,0
PO-000213,MAT-EXC-05,SUP-05,2023-08-13,2023-08-23,2023-08-23,113196.4,0.0151,True,0
PO-000214,MAT-PKG-01,SUP-06,2023-08-13,2023-08-21,2023-08-21,1188770.4,0.0596,True,0
PO-000215,MAT-PKG-03,SUP-07,2023-08-13,2023-08-27,2023-08-27,50547.6,0.0153,True,0
PO-000216,MAT-PKG-04,SUP-06,2023-08-13,2023-08-21,2023-08-21,32262.6,0.031,True,0
PO-000217,MAT-API-007,SUP-03,2023-08-20,2023-09-19,2023-09-19,479.9,0.545,True,0
PO-000218,MAT-API-014,SUP-02,2023-08-20,2023-10-07,2023-10-07,2012.9,0.09,True,0
PO-000219,MAT-API-017,SUP-01,2023-08-20,2023-10-14,2023-10-20,649.3,16.675,False,6
PO-000220,MAT-API-020,SUP-04,2023-08-20,2023-10-19,2023-10-19,5591.7,0.063,True,0
PO-000221,MAT-API-028,SUP-04,2023-08-20,2023-10-19,2023-10-19,2766.4,0.288,True,0
PO-000222,MAT-API-032,SUP-04,2023-08-20,2023-10-19,2023-10-25,1855.1,0.111,False,6
PO-000223,MAT-API-042,SUP-02,2023-08-20,2023-10-07,2023-10-07,475.9,17.503,True,0
PO-000224,MAT-EXC-02,SUP-05,2023-08-20,2023-08-30,2023-08-30,198821.7,0.0197,True,0
PO-000225,MAT-PKG-02,SUP-06,2023-08-20,2023-08-28,2023-08-28,47708.0,0.0161,True,0
PO-000226,MAT-API-016,SUP-04,2023-08-27,2023-10-26,2023-11-04,2108.4,0.22,False,9
PO-000227,MAT-API-031,SUP-03,2023-08-27,2023-09-26,2023-09-30,3921.4,0.15,False,4
PO-000228,MAT-API-034,SUP-02,2023-08-27,2023-10-14,2023-10-14,2108.2,0.147,True,0
PO-000229,MAT-PKG-01,SUP-06,2023-08-27,2023-09-04,2023-09-04,1068672.7,0.0596,True,0
PO-000230,MAT-API-008,SUP-04,2023-09-03,2023-11-02,2023-11-02,1083.4,2.983,True,0
PO-000231,MAT-API-023,SUP-03,2023-09-03,2023-10-03,2023-10-03,703.3,2.346,True,0
PO-000232,MAT-API-041,SUP-01,2023-09-03,2023-10-28,2023-10-28,824.9,0.248,True,0
PO-000233,MAT-EXC-01,SUP-05,2023-09-03,2023-09-13,2023-09-27,51916.5,0.0079,False,14
PO-000234,MAT-EXC-05,SUP-05,2023-09-03,2023-09-13,2023-09-13,107359.1,0.0151,True,0
PO-000235,MAT-API-002,SUP-02,2023-09-10,2023-10-28,2023-10-28,3569.8,0.134,True,0
PO-000236,MAT-API-004,SUP-04,2023-09-10,2023-11-09,2023-11-14,4081.9,0.058,False,5
PO-000237,MAT-API-011,SUP-03,2023-09-10,2023-10-10,2023-10-10,2258.7,0.115,True,0
PO-000238,MAT-API-015,SUP-03,2023-09-10,2023-10-10,2023-10-10,1516.2,0.076,True,0
PO-000239,MAT-API-024,SUP-04,2023-09-10,2023-11-09,2023-11-23,2528.3,0.147,False,14
PO-000240,MAT-API-026,SUP-02,2023-09-10,2023-10-28,2023-10-28,571.5,0.155,True,0
PO-000241,MAT-API-027,SUP-03,2023-09-10,2023-10-10,2023-10-10,349.4,0.084,True,0
PO-000242,MAT-API-036,SUP-04,2023-09-10,2023-11-09,2023-11-09,1159.4,0.107,True,0
PO-000243,MAT-EXC-02,SUP-05,2023-09-10,2023-09-20,2023-09-20,116923.1,0.0197,True,0
PO-000244,MAT-EXC-03,SUP-08,2023-09-10,2023-09-28,2023-09-28,306557.7,0.0131,True,0
PO-000245,MAT-EXC-04,SUP-08,2023-09-10,2023-09-28,2023-09-28,209927.1,0.0145,True,0
PO-000246,MAT-PKG-03,SUP-07,2023-09-10,2023-09-24,2023-09-24,66915.8,0.0153,True,0
PO-000247,MAT-PKG-04,SUP-06,2023-09-10,2023-09-18,2023-09-18,31286.8,0.031,True,0
PO-000248,MAT-API-035,SUP-03,2023-09-17,2023-10-17,2023-10-17,1478.8,0.165,True,0
PO-000249,MAT-PKG-01,SUP-06,2023-09-17,2023-09-25,2023-09-25,1232794.2,0.0596,True,0
PO-000250,MAT-PKG-02,SUP-06,2023-09-17,2023-09-25,2023-09-25,43161.8,0.0161,True,0
PO-000251,MAT-API-003,SUP-03,2023-09-24,2023-10-24,2023-11-03,1121.8,0.193,False,10
PO-000252,MAT-API-009,SUP-01,2023-09-24,2023-11-18,2023-11-18,644.7,0.28,True,0
PO-000253,MAT-API-012,SUP-04,2023-09-24,2023-11-23,2023-11-23,2309.9,0.129,True,0
PO-000254,MAT-API-033,SUP-01,2023-09-24,2023-11-18,2023-11-18,1710.2,0.087,True,0
PO-000255,MAT-EXC-05,SUP-05,2023-09-24,2023-10-04,2023-10-04,136480.1,0.0151,True,0
PO-000256,MAT-API-005,SUP-01,2023-10-01,2023-11-25,2023-12-05,1199.0,0.203,False,10
PO-000257,MAT-API-007,SUP-03,2023-10-01,2023-10-31,2023-10-31,503.5,0.545,True,0
PO-000258,MAT-API-021,SUP-01,2023-10-01,2023-11-25,2023-11-25,4450.2,0.093,True,0
PO-000259,MAT-API-022,SUP-02,2023-10-01,2023-11-18,2023-12-06,1228.8,0.522,False,18
PO-000260,MAT-EXC-01,SUP-05,2023-10-01,2023-10-11,2023-10-11,51044.7,0.0079,True,0
PO-000261,MAT-EXC-02,SUP-05,2023-10-01,2023-10-11,2023-10-11,118135.6,0.0197,True,0
PO-000262,MAT-PKG-03,SUP-07,2023-10-01,2023-10-15,2023-10-15,49141.0,0.0153,True,0
PO-000263,MAT-PKG-04,SUP-06,2023-10-01,2023-10-09,2023-10-09,30246.4,0.031,True,0
PO-000264,MAT-API-019,SUP-03,2023-10-08,2023-11-07,2023-11-07,420.3,3.947,True,0
PO-000265,MAT-API-031,SUP-03,2023-10-08,2023-11-07,2023-11-07,4618.1,0.15,True,0
PO-000266,MAT-API-037,SUP-01,2023-10-08,2023-12-02,2023-12-02,540.7,0.142,True,0
PO-000267,MAT-API-039,SUP-03,2023-10-08,2023-11-07,2023-11-07,603.2,0.438,True,0
PO-000268,MAT-EXC-03,SUP-08,2023-10-08,2023-10-26,2023-10-26,297050.3,0.0131,True,0
PO-000269,MAT-PKG-01,SUP-06,2023-10-08,2023-10-16,2023-10-16,1294291.3,0.0596,True,0
PO-000270,MAT-API-001,SUP-01,2023-10-15,2023-12-09,2023-12-27,2414.7,0.095,False,18
PO-000271,MAT-API-010,SUP-02,2023-10-15,2023-12-02,2023-12-18,4167.1,0.196,False,16
PO-000272,MAT-API-027,SUP-03,2023-10-15,2023-11-14,2023-11-14,382.3,0.084,True,0
PO-000273,MAT-API-029,SUP-01,2023-10-15,2023-12-09,2023-12-09,2536.6,0.057,True,0
PO-000274,MAT-API-030,SUP-02,2023-10-15,2023-12-02,2023-12-02,5167.4,0.074,True,0
PO-000275,MAT-API-042,SUP-02,2023-10-15,2023-12-02,2023-12-02,470.7,17.503,True,0
PO-000276,MAT-EXC-04,SUP-08,2023-10-15,2023-11-02,2023-11-02,245428.7,0.0145,True,0
PO-000277,MAT-EXC-05,SUP-05,2023-10-15,2023-10-25,2023-10-25,97826.5,0.0151,True,0
PO-000278,MAT-PKG-02,SUP-06,2023-10-15,2023-10-23,2023-10-23,42833.9,0.0161,True,0
PO-000279,MAT-PKG-04,SUP-06,2023-10-15,2023-10-23,2023-10-23,33254.7,0.031,True,0
PO-000280,MAT-API-006,SUP-02,2023-10-22,2023-12-09,2023-12-09,1892.7,0.243,True,0
PO-000281,MAT-API-011,SUP-03,2023-10-22,2023-11-21,2023-11-21,2420.6,0.115,True,0
PO-000282,MAT-API-013,SUP-01,2023-10-22,2023-12-16,2023-12-16,1038.5,0.187,True,0
PO-000283,MAT-API-040,SUP-04,2023-10-22,2023-12-21,2023-12-21,813.6,0.164,True,0
PO-000284,MAT-EXC-01,SUP-05,2023-10-22,2023-11-01,2023-11-08,50791.2,0.0079,False,7
PO-000285,MAT-EXC-02,SUP-05,2023-10-22,2023-11-01,2023-11-01,129876.6,0.0197,True,0
PO-000286,MAT-PKG-03,SUP-07,2023-10-22,2023-11-05,2023-11-20,55809.9,0.0153,False,15
PO-000287,MAT-API-014,SUP-02,2023-10-29,2023-12-16,2023-12-16,2137.9,0.09,True,0
PO-000288,MAT-API-015,SUP-03,2023-10-29,2023-11-28,2023-11-28,1547.2,0.076,True,0
PO-000289,MAT-API-018,SUP-02,2023-10-29,2023-12-16,2023-12-16,1604.8,0.886,True,0
PO-000290,MAT-API-020,SUP-04,2023-10-29,2023-12-28,2023-12-28,5625.6,0.063,True,0
PO-000291,MAT-API-023,SUP-03,2023-10-29,2023-11-28,2023-11-28,836.9,2.346,True,0
PO-000292,MAT-API-032,SUP-04,2023-10-29,2023-12-28,2023-12-28,1559.0,0.111,True,0
PO-000293,MAT-API-034,SUP-02,2023-10-29,2023-12-16,2023-12-16,2167.3,0.147,True,0
PO-000294,MAT-API-035,SUP-03,2023-10-29,2023-11-28,2023-11-28,1411.6,0.165,True,0
PO-000295,MAT-API-038,SUP-02,2023-10-29,2023-12-16,2023-12-16,973.7,1.129,True,0
PO-000296,MAT-PKG-01,SUP-06,2023-10-29,2023-11-06,2023-11-06,1400641.4,0.0596,True,0
PO-000297,MAT-PKG-04,SUP-06,2023-10-29,2023-11-06,2023-11-06,35811.1,0.031,True,0
PO-000298,MAT-API-017,SUP-01,2023-11-05,2023-12-30,2023-12-30,684.8,16.675,True,0
PO-000299,MAT-API-026,SUP-02,2023-11-05,2023-12-23,2023-12-23,523.6,0.155,True,0
PO-000300,MAT-EXC-03,SUP-08,2023-11-05,2023-11-23,2023-11-23,325623.4,0.0131,True,0
PO-000301,MAT-EXC-05,SUP-05,2023-11-05,2023-11-15,2023-11-15,119525.4,0.0151,True,0
PO-000302,MAT-API-008,SUP-04,2023-11-12,2024-01-11,2024-01-28,1141.2,2.983,False,17
PO-000303,MAT-API-024,SUP-04,2023-11-12,2024-01-11,2024-01-11,2026.8,0.147,True,0
PO-000304,MAT-EXC-01,SUP-05,2023-11-12,2023-11-22,2023-11-22,58358.7,0.0079,True,0
PO-000305,MAT-EXC-02,SUP-05,2023-11-12,2023-11-22,2023-11-22,134818.7,0.0197,True,0
PO-000306,MAT-EXC-04,SUP-08,2023-11-12,2023-11-30,2023-11-30,225688.8,0.0145,True,0
PO-000307,MAT-PKG-02,SUP-06,2023-11-12,2023-11-20,2023-11-20,47708.0,0.0161,True,0
PO-000308,MAT-API-002,SUP-02,2023-11-19,2024-01-06,2024-01-06,3702.4,0.134,True,0
PO-000309,MAT-API-036,SUP-04,2023-11-19,2024-01-18,2024-01-27,1111.8,0.107,False,9
PO-000310,MAT-PKG-01,SUP-06,2023-11-19,2023-11-27,2023-11-27,1073095.3,0.0596,True,0
PO-000311,MAT-API-003,SUP-03,2023-11-26,2023-12-26,2023-12-26,864.6,0.193,True,0
PO-000312,MAT-API-007,SUP-03,2023-11-26,2023-12-26,2023-12-26,437.7,0.545,True,0
PO-000313,MAT-API-019,SUP-03,2023-11-26,2023-12-26,2023-12-26,450.6,3.947,True,0
PO-000314,MAT-API-022,SUP-02,2023-11-26,2024-01-13,2024-01-13,1254.5,0.522,True,0
PO-000315,MAT-API-025,SUP-01,2023-11-26,2024-01-20,2024-01-20,2325.1,0.156,True,0
PO-000316,MAT-API-027,SUP-03,2023-11-26,2023-12-26,2023-12-26,344.7,0.084,True,0
PO-000317,MAT-API-028,SUP-04,2023-11-26,2024-01-25,2024-01-25,2654.1,0.288,True,0
PO-000318,MAT-API-031,SUP-03,2023-11-26,2023-12-26,2023-12-26,4029.4,0.15,True,0
PO-000319,MAT-API-033,SUP-01,2023-11-26,2024-01-20,2024-02-03,1652.9,0.087,False,14
PO-000320,MAT-EXC-05,SUP-05,2023-11-26,2023-12-06,2023-12-06,125348.1,0.0151,True,0
PO-000321,MAT-PKG-04,SUP-06,2023-11-26,2023-12-04,2023-12-04,49233.0,0.031,True,0
PO-000322,MAT-API-005,SUP-01,2023-12-03,2024-01-27,2024-01-27,1056.4,0.203,True,0
PO-000323,MAT-API-009,SUP-01,2023-12-03,2024-01-27,2024-02-13,673.4,0.28,False,17
PO-000324,MAT-API-039,SUP-03,2023-12-03,2024-01-02,2024-01-02,719.2,0.438,True,0
PO-000325,MAT-API-041,SUP-01,2023-12-03,2024-01-27,2024-01-27,946.7,0.248,True,0
PO-000326,MAT-API-042,SUP-02,2023-12-03,2024-01-20,2024-01-20,501.0,17.503,True,0
PO-000327,MAT-EXC-01,SUP-05,2023-12-03,2023-12-13,2023-12-30,51964.2,0.0079,False,17
PO-000328,MAT-EXC-03,SUP-08,2023-12-03,2023-12-21,2023-12-21,291546.5,0.0131,True,0
PO-000329,MAT-PKG-03,SUP-07,2023-12-03,2023-12-17,2023-12-17,62007.4,0.0153,True,0
PO-000330,MAT-API-004,SUP-04,2023-12-10,2024-02-08,2024-02-20,3653.3,0.058,False,12
PO-000331,MAT-API-016,SUP-04,2023-12-10,2024-02-08,2024-02-08,2212.7,0.22,True,0
PO-000332,MAT-API-021,SUP-01,2023-12-10,2024-02-03,2024-02-03,4426.8,0.093,True,0
PO-000333,MAT-API-023,SUP-03,2023-12-10,2024-01-09,2024-01-09,719.1,2.346,True,0
PO-000334,MAT-API-035,SUP-03,2023-12-10,2024-01-09,2024-01-09,1503.8,0.165,True,0
PO-000335,MAT-EXC-02,SUP-05,2023-12-10,2023-12-20,2023-12-20,155576.4,0.0197,True,0
PO-000336,MAT-PKG-01,SUP-06,2023-12-10,2023-12-18,2023-12-18,1438978.7,0.0596,True,0
PO-000337,MAT-PKG-02,SUP-06,2023-12-10,2023-12-18,2023-12-18,47708.0,0.0161,True,0
PO-000338,MAT-API-006,SUP-02,2023-12-17,2024-02-03,2024-02-03,1585.3,0.243,True,0
PO-000339,MAT-API-030,SUP-02,2023-12-17,2024-02-03,2024-02-03,4358.2,0.074,True,0
PO-000340,MAT-API-037,SUP-01,2023-12-17,2024-02-10,2024-02-10,548.3,0.142,True,0
PO-000341,MAT-EXC-04,SUP-08,2023-12-17,2024-01-04,2024-01-04,229609.7,0.0145,True,0
PO-000342,MAT-EXC-05,SUP-05,2023-12-17,2023-12-27,2023-12-27,95525.0,0.0151,True,0
PO-000343,MAT-PKG-04,SUP-06,2023-12-17,2023-12-25,2023-12-25,35809.8,0.031,True,0
PO-000344,MAT-API-015,SUP-03,2023-12-24,2024-01-23,2024-02-02,1584.7,0.076,False,10
PO-000345,MAT-API-034,SUP-02,2023-12-24,2024-02-10,2024-02-10,2119.2,0.147,True,0
PO-000346,MAT-API-001,SUP-01,2023-12-31,2024-02-24,2024-02-24,2742.4,0.095,True,0
PO-000347,MAT-API-010,SUP-02,2023-12-31,2024-02-17,2024-02-17,4381.5,0.196,True,0
PO-000348,MAT-API-011,SUP-03,2023-12-31,2024-01-30,2024-01-30,2131.8,0.115,True,0
PO-000349,MAT-API-012,SUP-04,2023-12-31,2024-02-29,2024-02-29,2449.4,0.129,True,0
PO-000350,MAT-API-014,SUP-02,2023-12-31,2024-02-17,2024-02-17,2121.8,0.09,True,0
PO-000351,MAT-API-029,SUP-01,2023-12-31,2024-02-24,2024-02-24,2521.5,0.057,True,0
PO-000352,MAT-API-032,SUP-04,2023-12-31,2024-02-29,2024-02-29,1541.3,0.111,True,0
PO-000353,MAT-API-040,SUP-04,2023-12-31,2024-02-29,2024-02-29,782.2,0.164,True,0
PO-000354,MAT-EXC-02,SUP-05,2023-12-31,2024-01-10,2024-01-10,115525.2,0.0197,True,0
PO-000355,MAT-EXC-03,SUP-08,2023-12-31,2024-01-18,2024-01-18,301021.0,0.0131,True,0
PO-000356,MAT-PKG-01,SUP-06,2023-12-31,2024-01-08,2024-01-08,1331645.7,0.0596,True,0
PO-000357,MAT-API-013,SUP-01,2024-01-07,2024-03-02,2024-03-11,1003.4,0.187,False,9
PO-000358,MAT-API-027,SUP-03,2024-01-07,2024-02-06,2024-02-06,351.6,0.084,True,0
PO-000359,MAT-API-031,SUP-03,2024-01-07,2024-02-06,2024-02-06,4081.7,0.15,True,0
PO-000360,MAT-EXC-01,SUP-05,2024-01-07,2024-01-17,2024-01-17,54517.5,0.0079,True,0
PO-000361,MAT-EXC-05,SUP-05,2024-01-07,2024-01-17,2024-02-05,121702.4,0.0151,False,19
PO-000362,MAT-PKG-03,SUP-07,2024-01-07,2024-01-21,2024-02-10,68239.8,0.0153,False,20
PO-000363,MAT-API-007,SUP-03,2024-01-14,2024-02-13,2024-02-13,500.6,0.545,True,0
PO-000364,MAT-API-018,SUP-02,2024-01-14,2024-03-02,2024-03-02,1536.3,0.886,True,0
PO-000365,MAT-API-019,SUP-03,2024-01-14,2024-02-13,2024-02-24,429.1,3.947,False,11
PO-000366,MAT-API-020,SUP-04,2024-01-14,2024-03-14,2024-03-14,5637.8,0.063,True,0
PO-000367,MAT-API-023,SUP-03,2024-01-14,2024-02-13,2024-02-13,665.2,2.346,True,0
PO-000368,MAT-API-024,SUP-04,2024-01-14,2024-03-14,2024-03-29,2181.8,0.147,False,15
PO-000369,MAT-API-039,SUP-03,2024-01-14,2024-02-13,2024-02-13,574.5,0.438,True,0
PO-000370,MAT-PKG-02,SUP-06,2024-01-14,2024-01-22,2024-01-22,45353.7,0.0161,True,0
PO-000371,MAT-PKG-04,SUP-06,2024-01-14,2024-01-22,2024-01-22,33460.8,0.031,True,0
PO-000372,MAT-API-003,SUP-03,2024-01-21,2024-02-20,2024-02-20,1053.4,0.193,True,0
PO-000373,MAT-API-026,SUP-02,2024-01-21,2024-03-09,2024-03-09,554.5,0.155,True,0
PO-000374,MAT-API-035,SUP-03,2024-01-21,2024-02-20,2024-02-20,1542.5,0.165,True,0
PO-000375,MAT-API-038,SUP-02,2024-01-21,2024-03-09,2024-03-09,1035.0,1.129,True,0
PO-000376,MAT-API-042,SUP-02,2024-01-21,2024-03-09,2024-03-09,476.1,17.503,True,0
PO-000377,MAT-EXC-02,SUP-05,2024-01-21,2024-01-31,2024-01-31,139192.6,0.0197,True,0
PO-000378,MAT-EXC-04,SUP-08,2024-01-21,2024-02-08,2024-02-08,246709.1,0.0145,True,0
PO-000379,MAT-PKG-01,SUP-06,2024-01-21,2024-01-29,2024-01-29,1353930.3,0.0596,True,0
PO-000380,MAT-API-002,SUP-02,2024-01-28,2024-03-16,2024-03-16,3682.0,0.134,True,0
PO-000381,MAT-API-022,SUP-02,2024-01-28,2024-03-16,2024-03-16,1466.2,0.522,True,0
PO-000382,MAT-API-033,SUP-01,2024-01-28,2024-03-23,2024-03-23,1422.4,0.087,True,0
PO-000383,MAT-API-036,SUP-04,2024-01-28,2024-03-28,2024-04-17,1116.5,0.107,False,20
PO-000384,MAT-EXC-01,SUP-05,2024-01-28,2024-02-07,2024-02-07,67061.0,0.0079,True,0
PO-000385,MAT-EXC-03,SUP-08,2024-01-28,2024-02-15,2024-02-15,315220.2,0.0131,True,0
PO-000386,MAT-API-015,SUP-03,2024-02-04,2024-03-05,2024-03-05,1624.8,0.076,True,0
PO-000387,MAT-PKG-04,SUP-06,2024-02-04,2024-02-12,2024-02-12,49896.2,0.031,True,0
PO-000388,MAT-API-005,SUP-01,2024-02-11,2024-04-06,2024-04-06,1111.8,0.203,True,0
PO-000389,MAT-API-009,SUP-01,2024-02-11,2024-04-06,2024-04-06,679.3,0.28,True,0
PO-000390,MAT-API-011,SUP-03,2024-02-11,2024-03-12,2024-03-12,2185.7,0.115,True,0
PO-000391,MAT-API-017,SUP-01,2024-02-11,2024-04-06,2024-04-24,684.4,16.675,False,18
PO-000392,MAT-API-021,SUP-01,2024-02-11,2024-04-06,2024-04-06,4380.6,0.093,True,0
PO-000393,MAT-API-025,SUP-01,2024-02-11,2024-04-06,2024-04-06,1971.4,0.156,True,0
PO-000394,MAT-EXC-02,SUP-05,2024-02-11,2024-02-21,2024-02-21,133092.7,0.0197,True,0
PO-000395,MAT-PKG-01,SUP-06,2024-02-11,2024-02-19,2024-02-19,1153695.2,0.0596,True,0
PO-000396,MAT-PKG-02,SUP-06,2024-02-11,2024-02-19,2024-02-19,42830.8,0.0161,True,0
PO-000397,MAT-API-008,SUP-04,2024-02-18,2024-04-18,2024-04-18,1264.2,2.983,True,0
PO-000398,MAT-API-027,SUP-03,2024-02-18,2024-03-19,2024-03-19,382.2,0.084,True,0
PO-000399,MAT-API-028,SUP-04,2024-02-18,2024-04-18,2024-04-29,2804.8,0.288,False,11
PO-000400,MAT-API-030,SUP-02,2024-02-18,2024-04-06,2024-04-06,4019.9,0.074,True,0
PO-000401,MAT-API-031,SUP-03,2024-02-18,2024-03-19,2024-03-19,4335.0,0.15,True,0
PO-000402,MAT-API-034,SUP-02,2024-02-18,2024-04-06,2024-04-06,2171.2,0.147,True,0
PO-000403,MAT-EXC-01,SUP-05,2024-02-18,2024-02-28,2024-02-28,60059.9,0.0079,True,0
PO-000404,MAT-EXC-04,SUP-08,2024-02-18,2024-03-07,2024-03-07,239272.5,0.0145,True,0
PO-000405,MAT-EXC-05,SUP-05,2024-02-18,2024-02-28,2024-02-28,120812.1,0.0151,True,0
PO-000406,MAT-PKG-03,SUP-07,2024-02-18,2024-03-03,2024-03-15,51262.8,0.0153,False,12
PO-000407,MAT-API-006,SUP-02,2024-02-25,2024-04-13,2024-04-13,1528.8,0.243,True,0
PO-000408,MAT-API-014,SUP-02,2024-02-25,2024-04-13,2024-04-13,2190.2,0.09,True,0
PO-000409,MAT-API-016,SUP-04,2024-02-25,2024-04-25,2024-04-25,1665.5,0.22,True,0
PO-000410,MAT-API-041,SUP-01,2024-02-25,2024-04-20,2024-04-20,898.0,0.248,True,0
PO-000411,MAT-EXC-03,SUP-08,2024-02-25,2024-03-14,2024-04-03,291075.5,0.0131,False,20
PO-000412,MAT-API-003,SUP-03,2024-03-03,2024-04-02,2024-04-02,805.4,0.193,True,0
PO-000413,MAT-API-007,SUP-03,2024-03-03,2024-04-02,2024-04-02,446.8,0.545,True,0
PO-000414,MAT-API-019,SUP-03,2024-03-03,2024-04-02,2024-04-02,397.3,3.947,True,0
PO-000415,MAT-API-035,SUP-03,2024-03-03,2024-04-02,2024-04-02,1501.6,0.165,True,0
PO-000416,MAT-EXC-02,SUP-05,2024-03-03,2024-03-13,2024-03-13,149737.5,0.0197,True,0
PO-000417,MAT-PKG-01,SUP-06,2024-03-03,2024-03-11,2024-03-11,1424352.6,0.0596,True,0
PO-000418,MAT-PKG-04,SUP-06,2024-03-03,2024-03-11,2024-03-11,47308.5,0.031,True,0
PO-000419,MAT-API-013,SUP-01,2024-03-10,2024-05-04,2024-05-04,880.2,0.187,True,0
PO-000420,MAT-API-023,SUP-03,2024-03-10,2024-04-09,2024-04-09,809.9,2.346,True,0
PO-000421,MAT-API-039,SUP-03,2024-03-10,2024-04-09,2024-04-20,715.9,0.438,False,11
PO-000422,MAT-PKG-02,SUP-06,2024-03-10,2024-03-18,2024-03-18,40255.4,0.0161,True,0
PO-000423,MAT-API-001,SUP-01,2024-03-17,2024-05-11,2024-05-15,2855.3,0.095,False,4
PO-000424,MAT-API-004,SUP-04,2024-03-17,2024-05-16,2024-05-16,4178.4,0.058,True,0
PO-000425,MAT-API-010,SUP-02,2024-03-17,2024-05-04,2024-05-04,4151.5,0.196,True,0
PO-000426,MAT-API-024,SUP-04,2024-03-17,2024-05-16,2024-05-16,1953.9,0.147,True,0
PO-000427,MAT-API-026,SUP-02,2024-03-17,2024-05-04,2024-05-09,563.0,0.155,False,5
PO-000428,MAT-API-029,SUP-01,2024-03-17,2024-05-11,2024-05-29,2724.9,0.057,False,18
PO-000429,MAT-API-042,SUP-02,2024-03-17,2024-05-04,2024-05-04,456.7,17.503,True,0
PO-000430,MAT-EXC-01,SUP-05,2024-03-17,2024-03-27,2024-03-27,68252.1,0.0079,True,0
PO-000431,MAT-EXC-05,SUP-05,2024-03-17,2024-03-27,2024-03-27,140009.8,0.0151,True,0
PO-000432,MAT-API-011,SUP-03,2024-03-24,2024-04-23,2024-04-23,2014.1,0.115,True,0
PO-000433,MAT-API-015,SUP-03,2024-03-24,2024-04-23,2024-05-06,1531.3,0.076,False,13
PO-000434,MAT-API-018,SUP-02,2024-03-24,2024-05-11,2024-05-11,1660.6,0.886,True,0
PO-000435,MAT-API-031,SUP-03,2024-03-24,2024-04-23,2024-04-23,4285.2,0.15,True,0
PO-000436,MAT-API-037,SUP-01,2024-03-24,2024-05-18,2024-05-18,681.0,0.142,True,0
PO-000437,MAT-EXC-02,SUP-05,2024-03-24,2024-04-03,2024-04-03,135007.9,0.0197,True,0
PO-000438,MAT-EXC-03,SUP-08,2024-03-24,2024-04-11,2024-04-11,277185.3,0.0131,True,0
PO-000439,MAT-EXC-04,SUP-08,2024-03-24,2024-04-11,2024-04-11,218091.2,0.0145,True,0
PO-000440,MAT-PKG-01,SUP-06,2024-03-24,2024-04-01,2024-04-01,1360337.4,0.0596,True,0
PO-000441,MAT-PKG-03,SUP-07,2024-03-24,2024-04-07,2024-04-07,80540.3,0.0153,True,0
PO-000442,MAT-PKG-04,SUP-06,2024-03-24,2024-04-01,2024-04-01,31754.2,0.031,True,0
PO-000443,MAT-API-012,SUP-04,2024-03-31,2024-05-30,2024-05-30,2324.3,0.129,True,0
PO-000444,MAT-API-022,SUP-02,2024-03-31,2024-05-18,2024-05-18,1237.2,0.522,True,0
PO-000445,MAT-API-027,SUP-03,2024-03-31,2024-04-30,2024-04-30,335.3,0.084,True,0
PO-000446,MAT-API-032,SUP-04,2024-03-31,2024-05-30,2024-05-30,1889.4,0.111,True,0
PO-000447,MAT-API-038,SUP-02,2024-03-31,2024-05-18,2024-05-18,966.8,1.129,True,0
PO-000448,MAT-API-002,SUP-02,2024-04-07,2024-05-25,2024-05-25,3691.8,0.134,True,0
PO-000449,MAT-API-033,SUP-01,2024-04-07,2024-06-01,2024-06-01,1632.5,0.087,True,0
PO-000450,MAT-API-040,SUP-04,2024-04-07,2024-06-06,2024-06-06,992.0,0.164,True,0
PO-000451,MAT-EXC-01,SUP-05,2024-04-07,2024-04-17,2024-04-23,58322.9,0.0079,False,6
PO-000452,MAT-PKG-02,SUP-06,2024-04-07,2024-04-15,2024-04-15,45940.3,0.0161,True,0
PO-000453,MAT-API-006,SUP-02,2024-04-14,2024-06-01,2024-06-01,1420.9,0.243,True,0
PO-000454,MAT-API-020,SUP-04,2024-04-14,2024-06-13,2024-06-13,6326.6,0.063,True,0
PO-000455,MAT-API-021,SUP-01,2024-04-14,2024-06-08,2024-06-08,4224.9,0.093,True,0
PO-000456,MAT-API-034,SUP-02,2024-04-14,2024-06-01,2024-06-01,2277.1,0.147,True,0
PO-000457,MAT-API-035,SUP-03,2024-04-14,2024-05-14,2024-05-14,1385.8,0.165,True,0
PO-000458,MAT-API-036,SUP-04,2024-04-14,2024-06-13,2024-06-29,1078.9,0.107,False,16
PO-000459,MAT-EXC-05,SUP-05,2024-04-14,2024-04-24,2024-05-04,140956.7,0.0151,False,10
PO-000460,MAT-PKG-01,SUP-06,2024-04-14,2024-04-22,2024-04-22,1352038.4,0.0596,True,0
PO-000461,MAT-API-005,SUP-01,2024-04-21,2024-06-15,2024-06-21,1051.2,0.203,False,6
PO-000462,MAT-API-007,SUP-03,2024-04-21,2024-05-21,2024-06-05,488.9,0.545,False,15
PO-000463,MAT-API-009,SUP-01,2024-04-21,2024-06-15,2024-06-15,658.2,0.28,True,0
PO-000464,MAT-API-019,SUP-03,2024-04-21,2024-05-21,2024-05-21,419.9,3.947,True,0
PO-000465,MAT-API-023,SUP-03,2024-04-21,2024-05-21,2024-05-21,657.5,2.346,True,0
PO-000466,MAT-EXC-02,SUP-05,2024-04-21,2024-05-01,2024-05-01,173314.6,0.0197,True,0
PO-000467,MAT-EXC-04,SUP-08,2024-04-21,2024-05-09,2024-05-20,209679.9,0.0145,False,11
PO-000468,MAT-PKG-04,SUP-06,2024-04-21,2024-04-29,2024-04-29,46260.2,0.031,True,0
PO-000469,MAT-API-003,SUP-03,2024-04-28,2024-05-28,2024-05-28,1057.0,0.193,True,0
PO-000470,MAT-API-008,SUP-04,2024-04-28,2024-06-27,2024-06-27,1165.4,2.983,True,0
PO-000471,MAT-API-014,SUP-02,2024-04-28,2024-06-15,2024-06-15,2031.0,0.09,True,0
PO-000472,MAT-API-017,SUP-01,2024-04-28,2024-06-22,2024-06-22,621.5,16.675,True,0
PO-000473,MAT-API-025,SUP-01,2024-04-28,2024-06-22,2024-07-08,2219.1,0.156,False,16
PO-000474,MAT-API-031,SUP-03,2024-04-28,2024-05-28,2024-05-28,4040.1,0.15,True,0
PO-000475,MAT-EXC-01,SUP-05,2024-04-28,2024-05-08,2024-05-08,53809.3,0.0079,True,0
PO-000476,MAT-EXC-03,SUP-08,2024-04-28,2024-05-16,2024-05-16,273784.1,0.0131,True,0
PO-000477,MAT-PKG-03,SUP-07,2024-04-28,2024-05-12,2024-05-12,72281.1,0.0153,True,0
PO-000478,MAT-API-011,SUP-03,2024-05-05,2024-06-04,2024-06-04,1928.8,0.115,True,0
PO-000479,MAT-API-013,SUP-01,2024-05-05,2024-06-29,2024-06-29,916.2,0.187,True,0
PO-000480,MAT-API-039,SUP-03,2024-05-05,2024-06-04,2024-06-04,700.3,0.438,True,0
PO-000481,MAT-API-042,SUP-02,2024-05-05,2024-06-22,2024-06-22,478.5,17.503,True,0
PO-000482,MAT-PKG-01,SUP-06,2024-05-05,2024-05-13,2024-05-13,1375646.7,0.0596,True,0
PO-000483,MAT-PKG-02,SUP-06,2024-05-05,2024-05-13,2024-05-13,44923.8,0.0161,True,0
PO-000484,MAT-API-015,SUP-03,2024-05-12,2024-06-11,2024-06-11,1524.0,0.076,True,0
PO-000485,MAT-API-026,SUP-02,2024-05-12,2024-06-29,2024-06-29,529.8,0.155,True,0
PO-000486,MAT-API-028,SUP-04,2024-05-12,2024-07-11,2024-07-11,2838.5,0.288,True,0
PO-000487,MAT-EXC-02,SUP-05,2024-05-12,2024-05-22,2024-05-22,118621.0,0.0197,True,0
PO-000488,MAT-EXC-05,SUP-05,2024-05-12,2024-05-22,2024-05-22,102397.7,0.0151,True,0
PO-000489,MAT-EXC-04,SUP-08,2024-05-19,2024-06-06,2024-06-06,195770.7,0.0145,True,0
PO-000490,MAT-PKG-03,SUP-07,2024-05-19,2024-06-02,2024-06-02,48464.8,0.0153,True,0
PO-000491,MAT-PKG-04,SUP-06,2024-05-19,2024-05-27,2024-06-08,48848.6,0.031,False,12
PO-000492,MAT-API-010,SUP-02,2024-05-26,2024-07-13,2024-07-13,4165.2,0.196,True,0
PO-000493,MAT-API-024,SUP-04,2024-05-26,2024-07-25,2024-08-09,1984.3,0.147,False,15
PO-000494,MAT-API-027,SUP-03,2024-05-26,2024-06-25,2024-06-25,374.7,0.084,True,0
PO-000495,MAT-API-035,SUP-03,2024-05-26,2024-06-25,2024-07-15,1469.6,0.165,False,20
PO-000496,MAT-API-041,SUP-01,2024-05-26,2024-07-20,2024-08-03,854.5,0.248,False,14
PO-000497,MAT-EXC-01,SUP-05,2024-05-26,2024-06-05,2024-06-05,70772.3,0.0079,True,0
PO-000498,MAT-EXC-03,SUP-08,2024-05-26,2024-06-13,2024-06-13,311521.4,0.0131,True,0
PO-000499,MAT-PKG-01,SUP-06,2024-05-26,2024-06-03,2024-06-03,1214508.0,0.0596,True,0
PO-000500,MAT-API-001,SUP-01,2024-06-02,2024-07-27,2024-07-27,2492.1,0.095,True,0
PO-000501,MAT-API-016,SUP-04,2024-06-02,2024-08-01,2024-08-01,2136.1,0.22,True,0
PO-000502,MAT-API-023,SUP-03,2024-06-02,2024-07-02,2024-07-02,670.3,2.346,True,0
PO-000503,MAT-API-029,SUP-01,2024-06-02,2024-07-27,2024-07-27,2137.7,0.057,True,0
PO-000504,MAT-API-030,SUP-02,2024-06-02,2024-07-20,2024-07-20,5140.5,0.074,True,0
PO-000505,MAT-API-037,SUP-01,2024-06-02,2024-07-27,2024-07-27,541.1,0.142,True,0
PO-000506,MAT-EXC-02,SUP-05,2024-06-02,2024-06-12,2024-06-12,143498.4,0.0197,True,0
PO-000507,MAT-EXC-05,SUP-05,2024-06-02,2024-06-12,2024-06-12,101031.1,0.0151,True,0
PO-000508,MAT-PKG-02,SUP-06,2024-06-02,2024-06-10,2024-06-10,45355.8,0.0161,True,0
PO-000509,MAT-API-003,SUP-03,2024-06-09,2024-07-09,2024-07-09,748.9,0.193,True,0
PO-000510,MAT-API-004,SUP-04,2024-06-09,2024-08-08,2024-08-08,3742.9,0.058,True,0
PO-000511,MAT-API-018,SUP-02,2024-06-09,2024-07-27,2024-07-27,1525.3,0.886,True,0
PO-000512,MAT-API-019,SUP-03,2024-06-09,2024-07-09,2024-07-09,445.4,3.947,True,0
PO-000513,MAT-API-021,SUP-01,2024-06-09,2024-08-03,2024-08-03,4628.8,0.093,True,0
PO-000514,MAT-API-022,SUP-02,2024-06-09,2024-07-27,2024-07-27,1491.9,0.522,True,0
PO-000515,MAT-API-031,SUP-03,2024-06-09,2024-07-09,2024-07-20,4031.7,0.15,False,11
PO-000516,MAT-API-032,SUP-04,2024-06-09,2024-08-08,2024-08-17,1663.6,0.111,False,9
PO-000517,MAT-API-034,SUP-02,2024-06-09,2024-07-27,2024-08-09,2370.2,0.147,False,13
PO-000518,MAT-API-007,SUP-03,2024-06-16,2024-07-16,2024-07-25,461.3,0.545,False,9
PO-000519,MAT-API-033,SUP-01,2024-06-16,2024-08-10,2024-08-10,1634.1,0.087,True,0
PO-000520,MAT-API-038,SUP-02,2024-06-16,2024-08-03,2024-08-03,965.8,1.129,True,0
PO-000521,MAT-API-039,SUP-03,2024-06-16,2024-07-16,2024-07-16,560.7,0.438,True,0
PO-000522,MAT-API-040,SUP-04,2024-06-16,2024-08-15,2024-08-15,769.0,0.164,True,0
PO-000523,MAT-EXC-01,SUP-05,2024-06-16,2024-06-26,2024-06-26,54314.8,0.0079,True,0
PO-000524,MAT-PKG-01,SUP-06,2024-06-16,2024-06-24,2024-06-24,1362680.8,0.0596,True,0
PO-000525,MAT-API-002,SUP-02,2024-06-23,2024-08-10,2024-08-10,3720.2,0.134,True,0
PO-000526,MAT-API-009,SUP-01,2024-06-23,2024-08-17,2024-08-17,702.8,0.28,True,0
PO-000527,MAT-API-011,SUP-03,2024-06-23,2024-07-23,2024-07-23,2364.2,0.115,True,0
PO-000528,MAT-API-020,SUP-04,2024-06-23,2024-08-22,2024-08-22,5501.4,0.063,True,0
PO-000529,MAT-API-042,SUP-02,2024-06-23,2024-08-10,2024-08-10,462.1,17.503,True,0
PO-000530,MAT-EXC-02,SUP-05,2024-06-23,2024-07-03,2024-07-03,124538.2,0.0197,True,0
PO-000531,MAT-EXC-03,SUP-08,2024-06-23,2024-07-11,2024-07-11,285597.7,0.0131,True,0
PO-000532,MAT-EXC-04,SUP-08,2024-06-23,2024-07-11,2024-07-19,272891.2,0.0145,False,8
PO-000533,MAT-EXC-05,SUP-05,2024-06-23,2024-07-03,2024-07-03,113776.0,0.0151,True,0
PO-000534,MAT-PKG-03,SUP-07,2024-06-23,2024-07-07,2024-07-07,70311.5,0.0153,True,0
PO-000535,MAT-API-005,SUP-01,2024-06-30,2024-08-24,2024-09-09,1052.6,0.203,False,16
PO-000536,MAT-API-014,SUP-02,2024-06-30,2024-08-17,2024-08-17,1902.5,0.09,True,0
PO-000537,MAT-API-015,SUP-03,2024-06-30,2024-07-30,2024-07-30,1469.7,0.076,True,0
PO-000538,MAT-API-026,SUP-02,2024-06-30,2024-08-17,2024-08-17,514.0,0.155,True,0
PO-000539,MAT-API-036,SUP-04,2024-06-30,2024-08-29,2024-08-29,1131.3,0.107,True,0
PO-000540,MAT-PKG-02,SUP-06,2024-06-30,2024-07-08,2024-07-08,42961.8,0.0161,True,0
PO-000541,MAT-PKG-04,SUP-06,2024-06-30,2024-07-08,2024-07-08,52246.8,0.031,True,0
PO-000542,MAT-API-006,SUP-02,2024-07-07,2024-08-24,2024-08-24,1905.7,0.243,True,0
PO-000543,MAT-API-008,SUP-04,2024-07-07,2024-09-05,2024-09-05,1173.6,2.983,True,0
PO-000544,MAT-API-012,SUP-04,2024-07-07,2024-09-05,2024-09-05,2425.6,0.129,True,0
PO-000545,MAT-API-025,SUP-01,2024-07-07,2024-08-31,2024-08-31,2075.1,0.156,True,0
PO-000546,MAT-API-027,SUP-03,2024-07-07,2024-08-06,2024-08-06,375.1,0.084,True,0
PO-000547,MAT-API-035,SUP-03,2024-07-07,2024-08-06,2024-08-06,1362.8,0.165,True,0
PO-000548,MAT-EXC-01,SUP-05,2024-07-07,2024-07-17,2024-07-17,67858.9,0.0079,True,0
PO-000549,MAT-PKG-01,SUP-06,2024-07-07,2024-07-15,2024-07-15,1484702.5,0.0596,True,0
PO-000550,MAT-API-003,SUP-03,2024-07-14,2024-08-13,2024-08-13,730.3,0.193,True,0
PO-000551,MAT-API-017,SUP-01,2024-07-14,2024-09-07,2024-09-07,622.7,16.675,True,0
PO-000552,MAT-API-023,SUP-03,2024-07-14,2024-08-13,2024-08-27,660.1,2.346,False,14
PO-000553,MAT-API-031,SUP-03,2024-07-14,2024-08-13,2024-08-13,3397.9,0.15,True,0
PO-000554,MAT-EXC-02,SUP-05,2024-07-14,2024-07-24,2024-07-24,137564.2,0.0197,True,0
PO-000555,MAT-EXC-05,SUP-05,2024-07-14,2024-07-24,2024-07-24,130883.8,0.0151,True,0
PO-000556,MAT-API-013,SUP-01,2024-07-21,2024-09-14,2024-09-14,1025.4,0.187,True,0
PO-000557,MAT-API-019,SUP-03,2024-07-21,2024-08-20,2024-08-20,385.5,3.947,True,0
PO-000558,MAT-EXC-03,SUP-08,2024-07-21,2024-08-08,2024-08-08,326089.4,0.0131,True,0
PO-000559,MAT-PKG-03,SUP-07,2024-07-21,2024-08-04,2024-08-04,49374.3,0.0153,True,0
PO-000560,MAT-PKG-04,SUP-06,2024-07-21,2024-07-29,2024-07-29,31997.3,0.031,True,0
PO-000561,MAT-API-028,SUP-04,2024-07-28,2024-09-26,2024-09-26,2843.5,0.288,True,0
PO-000562,MAT-API-029,SUP-01,2024-07-28,2024-09-21,2024-09-21,2111.5,0.057,True,0
PO-000563,MAT-EXC-01,SUP-05,2024-07-28,2024-08-07,2024-08-07,50262.8,0.0079,True,0
PO-000564,MAT-PKG-01,SUP-06,2024-07-28,2024-08-05,2024-08-05,1226288.6,0.0596,True,0
PO-000565,MAT-PKG-02,SUP-06,2024-07-28,2024-08-05,2024-08-16,44722.7,0.0161,False,11
PO-000566,MAT-API-007,SUP-03,2024-08-04,2024-09-03,2024-09-03,460.4,0.545,True,0
PO-000567,MAT-API-011,SUP-03,2024-08-04,2024-09-03,2024-09-03,2291.5,0.115,True,0
PO-000568,MAT-API-022,SUP-02,2024-08-04,2024-09-21,2024-09-21,1197.0,0.522,True,0
PO-000569,MAT-API-030,SUP-02,2024-08-04,2024-09-21,2024-09-21,4187.5,0.074,True,0
PO-000570,MAT-API-039,SUP-03,2024-08-04,2024-09-03,2024-09-16,569.5,0.438,False,13
PO-000571,MAT-EXC-02,SUP-05,2024-08-04,2024-08-14,2024-08-14,162266.6,0.0197,True,0
PO-000572,MAT-EXC-04,SUP-08,2024-08-04,2024-08-22,2024-08-22,257049.5,0.0145,True,0
PO-000573,MAT-EXC-05,SUP-05,2024-08-04,2024-08-14,2024-08-14,97756.9,0.0151,True,0
PO-000574,MAT-API-021,SUP-01,2024-08-11,2024-10-05,2024-10-12,4387.8,0.093,False,7
PO-000575,MAT-API-037,SUP-01,2024-08-11,2024-10-05,2024-10-05,540.3,0.142,True,0
PO-000576,MAT-API-042,SUP-02,2024-08-11,2024-09-28,2024-09-28,474.6,17.503,True,0
PO-000577,MAT-PKG-03,SUP-07,2024-08-11,2024-08-25,2024-08-25,49520.6,0.0153,True,0
PO-000578,MAT-API-001,SUP-01,2024-08-18,2024-10-12,2024-10-22,2673.7,0.095,False,10
PO-000579,MAT-API-004,SUP-04,2024-08-18,2024-10-17,2024-10-17,3810.3,0.058,True,0
PO-000580,MAT-API-015,SUP-03,2024-08-18,2024-09-17,2024-09-17,1640.5,0.076,True,0
PO-000581,MAT-API-026,SUP-02,2024-08-18,2024-10-05,2024-10-17,585.3,0.155,False,12
PO-000582,MAT-API-027,SUP-03,2024-08-18,2024-09-17,2024-09-17,365.4,0.084,True,0
PO-000583,MAT-API-032,SUP-04,2024-08-18,2024-10-17,2024-10-28,1536.9,0.111,False,11
PO-000584,MAT-API-033,SUP-01,2024-08-18,2024-10-12,2024-10-28,1569.8,0.087,False,16
PO-000585,MAT-API-038,SUP-02,2024-08-18,2024-10-05,2024-10-05,1006.0,1.129,True,0
PO-000586,MAT-API-041,SUP-01,2024-08-18,2024-10-12,2024-10-12,904.6,0.248,True,0
PO-000587,MAT-EXC-01,SUP-05,2024-08-18,2024-08-28,2024-09-07,56207.5,0.0079,False,10
PO-000588,MAT-EXC-03,SUP-08,2024-08-18,2024-09-05,2024-09-05,341688.1,0.0131,True,0
PO-000589,MAT-PKG-01,SUP-06,2024-08-18,2024-08-26,2024-08-26,1424377.4,0.0596,True,0
PO-000590,MAT-PKG-04,SUP-06,2024-08-18,2024-08-26,2024-08-26,52246.8,0.031,True,0
PO-000591,MAT-API-002,SUP-02,2024-08-25,2024-10-12,2024-10-19,3915.5,0.134,False,7
PO-000592,MAT-API-003,SUP-03,2024-08-25,2024-09-24,2024-09-24,793.4,0.193,True,0
PO-000593,MAT-API-009,SUP-01,2024-08-25,2024-10-19,2024-10-29,670.8,0.28,False,10
PO-000594,MAT-API-018,SUP-02,2024-08-25,2024-10-12,2024-10-12,1562.5,0.886,True,0
PO-000595,MAT-API-024,SUP-04,2024-08-25,2024-10-24,2024-10-24,2388.5,0.147,True,0
PO-000596,MAT-API-031,SUP-03,2024-08-25,2024-09-24,2024-09-24,4364.5,0.15,True,0
PO-000597,MAT-API-034,SUP-02,2024-08-25,2024-10-12,2024-10-12,2241.7,0.147,True,0
PO-000598,MAT-API-035,SUP-03,2024-08-25,2024-09-24,2024-09-24,1409.1,0.165,True,0
PO-000599,MAT-API-040,SUP-04,2024-08-25,2024-10-24,2024-10-24,786.3,0.164,True,0
PO-000600,MAT-EXC-02,SUP-05,2024-08-25,2024-09-04,2024-09-04,116683.6,0.0197,True,0
PO-000601,MAT-EXC-05,SUP-05,2024-08-25,2024-09-04,2024-09-04,125317.5,0.0151,True,0
PO-000602,MAT-API-005,SUP-01,2024-09-01,2024-10-26,2024-11-03,1041.9,0.203,False,8
PO-000603,MAT-API-006,SUP-02,2024-09-01,2024-10-19,2024-10-19,1520.6,0.243,True,0
PO-000604,MAT-API-010,SUP-02,2024-09-01,2024-10-19,2024-10-19,4681.7,0.196,True,0
PO-000605,MAT-API-014,SUP-02,2024-09-01,2024-10-19,2024-10-19,1942.9,0.09,True,0
PO-000606,MAT-API-023,SUP-03,2024-09-01,2024-10-01,2024-10-01,864.5,2.346,True,0
PO-000607,MAT-EXC-04,SUP-08,2024-09-01,2024-09-19,2024-09-19,203705.2,0.0145,True,0
PO-000608,MAT-PKG-02,SUP-06,2024-09-01,2024-09-09,2024-09-09,27493.2,0.0161,True,0
PO-000609,MAT-PKG-03,SUP-07,2024-09-01,2024-09-15,2024-09-15,54762.8,0.0153,True,0
PO-000610,MAT-API-019,SUP-03,2024-09-08,2024-10-08,2024-10-08,432.3,3.947,True,0
PO-000611,MAT-API-020,SUP-04,2024-09-08,2024-11-07,2024-11-07,6022.7,0.063,True,0
PO-000612,MAT-API-036,SUP-04,2024-09-08,2024-11-07,2024-11-07,1074.4,0.107,True,0
PO-000613,MAT-PKG-01,SUP-06,2024-09-08,2024-09-16,2024-09-16,1136196.6,0.0596,True,0
PO-000614,MAT-PKG-04,SUP-06,2024-09-08,2024-09-16,2024-09-16,37221.5,0.031,True,0
PO-000615,MAT-API-016,SUP-04,2024-09-15,2024-11-14,2024-11-14,2040.1,0.22,True,0
PO-000616,MAT-API-025,SUP-01,2024-09-15,2024-11-09,2024-11-09,2076.7,0.156,True,0
PO-000617,MAT-API-039,SUP-03,2024-09-15,2024-10-15,2024-10-15,601.8,0.438,True,0
PO-000618,MAT-EXC-01,SUP-05,2024-09-15,2024-09-25,2024-09-25,55743.8,0.0079,True,0
PO-000619,MAT-EXC-02,SUP-05,2024-09-15,2024-09-25,2024-09-25,129905.7,0.0197,True,0
PO-000620,MAT-EXC-03,SUP-08,2024-09-15,2024-10-03,2024-10-03,316984.1,0.0131,True,0
PO-000621,MAT-EXC-05,SUP-05,2024-09-15,2024-09-25,2024-09-25,149682.1,0.0151,True,0
PO-000622,MAT-API-007,SUP-03,2024-09-22,2024-10-22,2024-10-22,474.9,0.545,True,0
PO-000623,MAT-API-008,SUP-04,2024-09-22,2024-11-21,2024-12-09,1064.8,2.983,False,18
PO-000624,MAT-API-011,SUP-03,2024-09-22,2024-10-22,2024-10-22,2356.8,0.115,True,0
PO-000625,MAT-PKG-01,SUP-06,2024-09-22,2024-09-30,2024-09-30,993101.8,0.0596,True,0
PO-000626,MAT-PKG-03,SUP-07,2024-09-22,2024-10-06,2024-10-06,48690.1,0.0153,True,0
PO-000627,MAT-API-015,SUP-03,2024-09-29,2024-10-29,2024-10-29,1365.2,0.076,True,0
PO-000628,MAT-API-017,SUP-01,2024-09-29,2024-11-23,2024-11-23,662.0,16.675,True,0
PO-000629,MAT-API-022,SUP-02,2024-09-29,2024-11-16,2024-11-16,1239.0,0.522,True,0
PO-000630,MAT-API-027,SUP-03,2024-09-29,2024-10-29,2024-10-29,354.5,0.084,True,0
PO-000631,MAT-API-031,SUP-03,2024-09-29,2024-10-29,2024-10-29,4461.5,0.15,True,0
PO-000632,MAT-PKG-02,SUP-06,2024-09-29,2024-10-07,2024-10-07,42116.4,0.0161,True,0
PO-000633,MAT-PKG-04,SUP-06,2024-09-29,2024-10-07,2024-10-07,29998.9,0.031,True,0
PO-000634,MAT-API-003,SUP-03,2024-10-06,2024-11-05,2024-11-05,751.1,0.193,True,0
PO-000635,MAT-API-013,SUP-01,2024-10-06,2024-11-30,2024-11-30,1050.9,0.187,True,0
PO-000636,MAT-API-026,SUP-02,2024-10-06,2024-11-23,2024-11-23,524.7,0.155,True,0
PO-000637,MAT-API-029,SUP-01,2024-10-06,2024-11-30,2024-11-30,2391.8,0.057,True,0
PO-000638,MAT-API-030,SUP-02,2024-10-06,2024-11-23,2024-11-23,4002.4,0.074,True,0
PO-000639,MAT-API-035,SUP-03,2024-10-06,2024-11-05,2024-11-05,1328.3,0.165,True,0
PO-000640,MAT-API-042,SUP-02,2024-10-06,2024-11-23,2024-12-06,488.5,17.503,False,13
PO-000641,MAT-EXC-01,SUP-05,2024-10-06,2024-10-16,2024-10-16,54940.9,0.0079,True,0
PO-000642,MAT-EXC-02,SUP-05,2024-10-06,2024-10-16,2024-10-16,131912.8,0.0197,True,0
PO-000643,MAT-EXC-04,SUP-08,2024-10-06,2024-10-24,2024-10-24,238518.2,0.0145,True,0
PO-000644,MAT-EXC-05,SUP-05,2024-10-06,2024-10-16,2024-10-16,102035.1,0.0151,True,0
PO-000645,MAT-API-012,SUP-04,2024-10-13,2024-12-12,2024-12-12,2596.9,0.129,True,0
PO-000646,MAT-API-038,SUP-02,2024-10-13,2024-11-30,2024-11-30,853.2,1.129,True,0
PO-000647,MAT-PKG-01,SUP-06,2024-10-13,2024-10-21,2024-10-31,1289156.8,0.0596,False,10
PO-000648,MAT-PKG-04,SUP-06,2024-10-13,2024-10-21,2024-10-21,32783.3,0.031,True,0
PO-000649,MAT-API-021,SUP-01,2024-10-20,2024-12-14,2024-12-14,4167.6,0.093,True,0
PO-000650,MAT-API-028,SUP-04,2024-10-20,2024-12-19,2024-12-19,2665.0,0.288,True,0
PO-000651,MAT-API-033,SUP-01,2024-10-20,2024-12-14,2024-12-14,1533.1,0.087,True,0
PO-000652,MAT-API-034,SUP-02,2024-10-20,2024-12-07,2024-12-07,2118.5,0.147,True,0
PO-000653,MAT-EXC-03,SUP-08,2024-10-20,2024-11-07,2024-11-07,366420.1,0.0131,True,0
PO-000654,MAT-PKG-03,SUP-07,2024-10-20,2024-11-03,2024-11-14,71121.3,0.0153,False,11
PO-000655,MAT-API-014,SUP-02,2024-10-27,2024-12-14,2024-12-14,2012.1,0.09,True,0
PO-000656,MAT-API-019,SUP-03,2024-10-27,2024-11-26,2024-11-26,368.6,3.947,True,0
PO-000657,MAT-API-023,SUP-03,2024-10-27,2024-11-26,2024-11-26,830.0,2.346,True,0
PO-000658,MAT-API-024,SUP-04,2024-10-27,2024-12-26,2024-12-26,1973.5,0.147,True,0
PO-000659,MAT-API-032,SUP-04,2024-10-27,2024-12-26,2024-12-26,1659.9,0.111,True,0
PO-000660,MAT-API-037,SUP-01,2024-10-27,2024-12-21,2024-12-31,568.6,0.142,False,18
PO-000661,MAT-API-039,SUP-03,2024-10-27,2024-11-26,2024-11-26,568.5,0.438,True,0
PO-000662,MAT-EXC-01,SUP-05,2024-10-27,2024-11-06,2024-11-06,54279.9,0.0079,True,0
PO-000663,MAT-EXC-02,SUP-05,2024-10-27,2024-11-06,2024-11-06,135310.6,0.0197,True,0
PO-000664,MAT-EXC-05,SUP-05,2024-10-27,2024-11-06,2024-11-06,113310.3,0.0151,True,0
PO-000665,MAT-PKG-02,SUP-06,2024-10-27,2024-11-04,2024-11-04,43027.8,0.0161,True,0
PO-000666,MAT-PKG-04,SUP-06,2024-10-27,2024-11-04,2024-11-04,31371.1,0.031,True,0
PO-000667,MAT-API-001,SUP-01,2024-11-03,2024-12-28,2024-12-31,2481.3,0.095,False,10
PO-000668,MAT-API-005,SUP-01,2024-11-03,2024-12-28,2024-12-28,1129.4,0.203,True,0
PO-000669,MAT-API-006,SUP-02,2024-11-03,2024-12-21,2024-12-21,1541.9,0.243,True,0
PO-000670,MAT-API-009,SUP-01,2024-11-03,2024-12-28,2024-12-28,678.5,0.28,True,0
PO-000671,MAT-API-011,SUP-03,2024-11-03,2024-12-03,2024-12-03,2260.9,0.115,True,0
PO-000672,MAT-EXC-04,SUP-08,2024-11-03,2024-11-21,2024-11-21,196549.3,0.0145,True,0
PO-000673,MAT-API-002,SUP-02,2024-11-10,2024-12-28,2024-12-28,3717.4,0.134,True,0
PO-000674,MAT-API-007,SUP-03,2024-11-10,2024-12-10,2024-12-29,499.0,0.545,False,19
PO-000675,MAT-API-010,SUP-02,2024-11-10,2024-12-28,2024-12-28,4445.1,0.196,True,0
PO-000676,MAT-API-018,SUP-02,2024-11-10,2024-12-28,2024-12-28,1622.9,0.886,True,0
PO-000677,MAT-API-027,SUP-03,2024-11-10,2024-12-10,2024-12-10,383.0,0.084,True,0
PO-000678,MAT-API-031,SUP-03,2024-11-10,2024-12-10,2024-12-10,4103.7,0.15,True,0
PO-000679,MAT-PKG-01,SUP-06,2024-11-10,2024-11-18,2024-11-18,1276789.8,0.0596,True,0
PO-000680,MAT-API-004,SUP-04,2024-11-17,2025-01-16,2024-12-31,3520.7,0.058,True,0
PO-000681,MAT-API-041,SUP-01,2024-11-17,2025-01-11,2024-12-31,894.3,0.248,True,0
PO-000682,MAT-EXC-01,SUP-05,2024-11-17,2024-11-27,2024-11-27,51325.0,0.0079,True,0
PO-000683,MAT-EXC-02,SUP-05,2024-11-17,2024-11-27,2024-11-27,114307.2,0.0197,True,0
PO-000684,MAT-API-015,SUP-03,2024-11-24,2024-12-24,2024-12-24,1499.4,0.076,True,0
PO-000685,MAT-API-020,SUP-04,2024-11-24,2025-01-23,2024-12-31,5615.4,0.063,True,0
PO-000686,MAT-API-022,SUP-02,2024-11-24,2025-01-11,2024-12-31,1294.6,0.522,True,0
PO-000687,MAT-API-026,SUP-02,2024-11-24,2025-01-11,2024-12-31,545.6,0.155,True,0
PO-000688,MAT-API-035,SUP-03,2024-11-24,2024-12-24,2024-12-24,1412.5,0.165,True,0
PO-000689,MAT-EXC-03,SUP-08,2024-11-24,2024-12-12,2024-12-12,346431.5,0.0131,True,0
PO-000690,MAT-EXC-05,SUP-05,2024-11-24,2024-12-04,2024-12-04,161326.9,0.0151,True,0
PO-000691,MAT-PKG-02,SUP-06,2024-11-24,2024-12-02,2024-12-02,47708.0,0.0161,True,0
PO-000692,MAT-PKG-04,SUP-06,2024-11-24,2024-12-02,2024-12-02,52246.8,0.031,True,0
PO-000693,MAT-API-003,SUP-03,2024-12-01,2024-12-31,2024-12-31,1017.7,0.193,True,0
PO-000694,MAT-API-017,SUP-01,2024-12-01,2025-01-25,2024-12-31,530.6,16.675,True,0
PO-000695,MAT-API-025,SUP-01,2024-12-01,2025-01-25,2024-12-31,2052.5,0.156,True,0
PO-000696,MAT-EXC-04,SUP-08,2024-12-01,2024-12-19,2024-12-19,228717.8,0.0145,True,0
PO-000697,MAT-PKG-01,SUP-06,2024-12-01,2024-12-09,2024-12-09,1323332.2,0.0596,True,0
PO-000698,MAT-PKG-03,SUP-07,2024-12-01,2024-12-15,2024-12-15,66976.0,0.0153,True,0
PO-000699,MAT-API-008,SUP-04,2024-12-08,2025-02-06,2024-12-31,1077.8,2.983,True,0
PO-000700,MAT-API-023,SUP-03,2024-12-08,2025-01-07,2024-12-31,724.8,2.346,True,0
PO-000701,MAT-API-040,SUP-04,2024-12-08,2025-02-06,2024-12-31,961.9,0.164,True,0
PO-000702,MAT-API-042,SUP-02,2024-12-08,2025-01-25,2024-12-31,458.1,17.503,True,0
PO-000703,MAT-EXC-01,SUP-05,2024-12-08,2024-12-18,2024-12-18,56571.5,0.0079,True,0
PO-000704,MAT-EXC-02,SUP-05,2024-12-08,2024-12-18,2024-12-18,144171.8,0.0197,True,0
PO-000705,MAT-API-013,SUP-01,2024-12-15,2025-02-08,2024-12-31,1038.6,0.187,True,0
PO-000706,MAT-API-019,SUP-03,2024-12-15,2025-01-14,2024-12-31,415.7,3.947,True,0
PO-000707,MAT-API-021,SUP-01,2024-12-15,2025-02-08,2024-12-31,4173.8,0.093,True,0
PO-000708,MAT-API-027,SUP-03,2024-12-15,2025-01-14,2024-12-31,330.5,0.084,True,0
PO-000709,MAT-API-029,SUP-01,2024-12-15,2025-02-08,2024-12-31,2472.7,0.057,True,0
PO-000710,MAT-API-036,SUP-04,2024-12-15,2025-02-13,2024-12-31,1331.0,0.107,True,0
PO-000711,MAT-PKG-04,SUP-06,2024-12-15,2024-12-23,2024-12-23,30163.1,0.031,True,0
PO-000712,MAT-API-011,SUP-03,2024-12-22,2025-01-21,2024-12-31,2275.3,0.115,True,0
PO-000713,MAT-API-016,SUP-04,2024-12-22,2025-02-20,2024-12-31,2148.7,0.22,True,0
PO-000714,MAT-API-031,SUP-03,2024-12-22,2025-01-21,2024-12-31,4629.5,0.15,False,10
PO-000715,MAT-API-034,SUP-02,2024-12-22,2025-02-08,2024-12-31,2009.7,0.147,True,0
PO-000716,MAT-API-038,SUP-02,2024-12-22,2025-02-08,2024-12-31,1021.4,1.129,True,0
PO-000717,MAT-API-039,SUP-03,2024-12-22,2025-01-21,2024-12-31,734.6,0.438,True,0
PO-000718,MAT-EXC-03,SUP-08,2024-12-22,2025-01-09,2024-12-31,282016.6,0.0131,True,0
PO-000719,MAT-EXC-05,SUP-05,2024-12-22,2025-01-01,2024-12-31,122580.9,0.0151,True,0
PO-000720,MAT-PKG-01,SUP-06,2024-12-22,2024-12-30,2024-12-30,1206339.8,0.0596,True,0
PO-000721,MAT-PKG-02,SUP-06,2024-12-22,2024-12-30,2024-12-30,46148.6,0.0161,True,0
PO-000722,MAT-API-006,SUP-02,2024-12-29,2025-02-15,2024-12-31,1415.7,0.243,False,17
PO-000723,MAT-API-024,SUP-04,2024-12-29,2025-02-27,2024-12-31,2007.4,0.147,True,0
PO-000724,MAT-API-032,SUP-04,2024-12-29,2025-02-27,2024-12-31,1745.6,0.111,True,0
PO-000725,MAT-API-037,SUP-01,2024-12-29,2025-02-22,2024-12-31,552.1,0.142,True,0
PO-000726,MAT-EXC-01,SUP-05,2024-12-29,2025-01-08,2024-12-31,56325.5,0.0079,True,0
PO-000727,MAT-EXC-02,SUP-05,2024-12-29,2025-01-08,2024-12-31,149674.5,0.0197,True,0
PO-000728,MAT-EXC-04,SUP-08,2024-12-29,2025-01-16,2024-12-31,202700.1,0.0145,False,17
PO-000729,MAT-PKG-03,SUP-07,2024-12-29,2025-01-12,2024-12-31,57180.0,0.0153,True,0
